{
  "config": {
    "batch_size": 32,
    "device": "cuda",
    "encoders": [
      "hypergraph",
      "flat"
    ],
    "env_profile": "branching",
    "horizons": [
      1,
      2,
      4,
      8,
      16
    ],
    "max_steps": 16,
    "n_eval": 50,
    "n_train": 200,
    "num_epochs": 200,
    "prior_weights": {
      "euclidean": 0.01,
      "none": 0.0,
      "spectral": 0.01
    },
    "priors": [
      "none",
      "euclidean",
      "spectral"
    ],
    "seeds": [
      0,
      1,
      2
    ],
    "smoke": false
  },
  "mean_results": {
    "flat|euclidean": {
      "1": 0.026887085971732935,
      "16": 0.3188066803415616,
      "2": 0.05199278092632691,
      "4": 0.10514744857947032,
      "8": 0.16455524623394013
    },
    "flat|none": {
      "1": 0.01922150623674194,
      "16": 0.28585668206214904,
      "2": 0.038117602107425534,
      "4": 0.07364304410914581,
      "8": 0.14245494179427623
    },
    "flat|spectral": {
      "1": 0.023537138594935336,
      "16": 0.362441167930762,
      "2": 0.045203740000724794,
      "4": 0.09988930327196917,
      "8": 0.20346053784092266
    },
    "hypergraph|euclidean": {
      "1": 0.037528430074453355,
      "16": 2.949306729634603,
      "2": 0.06531855101386706,
      "4": 0.12764221742749216,
      "8": 0.5131757632891337
    },
    "hypergraph|none": {
      "1": 0.04230804774910212,
      "16": 2.91097764968872,
      "2": 0.08064518948396046,
      "4": 0.16188052594661714,
      "8": 0.4632839569449425
    },
    "hypergraph|spectral": {
      "1": 0.022752958387136462,
      "16": 1.3665623295307159,
      "2": 0.04478780883053938,
      "4": 0.09568534401555856,
      "8": 0.2504489384094874
    }
  },
  "per_seed_results": {
    "seed_0": {
      "flat|euclidean": {
        "1": 0.03941514115780592,
        "16": 0.31267748355865477,
        "2": 0.0702938485890627,
        "4": 0.13129160329699516,
        "8": 0.17497178688645362
      },
      "flat|none": {
        "1": 0.022956081293523313,
        "16": 0.3802332925796509,
        "2": 0.044617764316499234,
        "4": 0.08746500194072723,
        "8": 0.1741861495375633
      },
      "flat|spectral": {
        "1": 0.01926950119435787,
        "16": 0.30578761458396914,
        "2": 0.0340670083835721,
        "4": 0.07676620431244373,
        "8": 0.1285632508993149
      },
      "hypergraph|euclidean": {
        "1": 0.03789026126265526,
        "16": 5.487456140518188,
        "2": 0.06818913862109184,
        "4": 0.14910076305270195,
        "8": 1.044897677898407
      },
      "hypergraph|none": {
        "1": 0.04270937945693731,
        "16": 3.8076419973373414,
        "2": 0.08570749573409557,
        "4": 0.17408086448907853,
        "8": 0.4858069276809692
      },
      "hypergraph|spectral": {
        "1": 0.02442645877599716,
        "16": 1.633879430294037,
        "2": 0.04911863051354885,
        "4": 0.10377360261976719,
        "8": 0.2693174308538437
      }
    },
    "seed_1": {
      "flat|euclidean": {
        "1": 0.017468694411218167,
        "16": 0.2681072226166725,
        "2": 0.0355194141343236,
        "4": 0.07617188900709153,
        "8": 0.12450572565197944
      },
      "flat|none": {
        "1": 0.016485419441014528,
        "16": 0.1635834828019142,
        "2": 0.0318343011289835,
        "4": 0.05344255357980728,
        "8": 0.08607137881219387
      },
      "flat|spectral": {
        "1": 0.019319439958781003,
        "16": 0.2480992290377617,
        "2": 0.04094610098749399,
        "4": 0.07036679953336716,
        "8": 0.1361017133295536
      },
      "hypergraph|euclidean": {
        "1": 0.04402241233736277,
        "16": 1.6730241084098816,
        "2": 0.07554835759103298,
        "4": 0.13767788276076318,
        "8": 0.30986752808094026
      },
      "hypergraph|none": {
        "1": 0.050910450890660285,
        "16": 1.4352231669425963,
        "2": 0.08482936412096023,
        "4": 0.1645441335439682,
        "8": 0.36528727680444717
      },
      "hypergraph|spectral": {
        "1": 0.0244878682307899,
        "16": 0.984075620174408,
        "2": 0.04436215329915285,
        "4": 0.08475335821509361,
        "8": 0.18931575745344162
      }
    },
    "seed_2": {
      "flat|euclidean": {
        "1": 0.023777422346174717,
        "16": 0.3756353348493576,
        "2": 0.050165080055594446,
        "4": 0.10797885343432427,
        "8": 0.1941882261633873
      },
      "flat|none": {
        "1": 0.01822301797568798,
        "16": 0.313753270804882,
        "2": 0.03790074087679386,
        "4": 0.08002157680690289,
        "8": 0.1671072970330715
      },
      "flat|spectral": {
        "1": 0.03202247463166714,
        "16": 0.5334366601705551,
        "2": 0.06059811063110829,
        "4": 0.15253490597009658,
        "8": 0.34571664929389956
      },
      "hypergraph|euclidean": {
        "1": 0.030672616623342037,
        "16": 1.6874399399757385,
        "2": 0.05221815682947636,
        "4": 0.09614800646901131,
        "8": 0.1847620838880539
      },
      "hypergraph|none": {
        "1": 0.03330431289970875,
        "16": 3.4900677847862243,
        "2": 0.0713987085968256,
        "4": 0.14701657980680466,
        "8": 0.538757666349411
      },
      "hypergraph|spectral": {
        "1": 0.019344548154622318,
        "16": 1.481731938123703,
        "2": 0.040882642678916455,
        "4": 0.09852907121181488,
        "8": 0.2927136269211769
      }
    }
  },
  "spectral_advantage": {
    "flat": {
      "vs_euclidean": {
        "1": 0.003349947376797599,
        "16": -0.043634487589200355,
        "2": 0.006789040925602119,
        "4": 0.005258145307501155,
        "8": -0.03890529160698253
      },
      "vs_none": {
        "1": -0.004315632358193395,
        "16": -0.07658448586861294,
        "2": -0.00708613789329926,
        "4": -0.02624625916282336,
        "8": -0.06100559604664643
      }
    },
    "hypergraph": {
      "vs_euclidean": {
        "1": 0.014775471687316893,
        "16": 1.582744400103887,
        "2": 0.020530742183327684,
        "4": 0.031956873411933595,
        "8": 0.2627268248796463
      },
      "vs_none": {
        "1": 0.01955508936196566,
        "16": 1.5444153201580042,
        "2": 0.03585738065342108,
        "4": 0.06619518193105858,
        "8": 0.2128350185354551
      }
    }
  },
  "std_results": {
    "flat|euclidean": {
      "1": 0.009225476937925503,
      "16": 0.04411159348730541,
      "2": 0.014255307567508401,
      "4": 0.02259141969774099,
      "8": 0.029385835122324823
    },
    "flat|none": {
      "1": 0.002734361632749044,
      "16": 0.09061990129764821,
      "2": 0.005221079349563383,
      "4": 0.014603561384131231,
      "8": 0.03997380116285268
    },
    "flat|spectral": {
      "1": 0.006000073289121421,
      "16": 0.12318436381153477,
      "2": 0.011241899723580044,
      "4": 0.0373176250402624,
      "8": 0.10063732918503075
    },
    "hypergraph|euclidean": {
      "1": 0.005456033526173158,
      "16": 1.7947523093779918,
      "2": 0.009738404106139045,
      "4": 0.022752795307594793,
      "8": 0.379437292929489
    },
    "hypergraph|none": {
      "1": 0.007193275753270883,
      "16": 1.0515391307121595,
      "2": 0.006548070218499991,
      "4": 0.011208329652994413,
      "8": 0.07258768109581824
    },
    "hypergraph|spectral": {
      "1": 0.0024102403773779927,
      "16": 0.2774998822451319,
      "2": 0.00337577259074158,
      "4": 0.008021118483039009,
      "8": 0.044270342653283924
    }
  }
}