{
  "iso17_default": {
    "none": {
      "n_success": 3,
      "rollout_errors": {
        "1": {
          "mean": 0.0025868186571945746,
          "std": 0.004264411172531995,
          "ci_low": -0.002238816862062751,
          "ci_high": 0.007412454176451901
        },
        "2": {
          "mean": 0.0040489971841452645,
          "std": 0.006580018258701546,
          "ci_low": -0.0033969944292053574,
          "ci_high": 0.011494988797495886
        },
        "4": {
          "mean": 0.007136357173375372,
          "std": 0.011483368410067795,
          "ci_low": -0.00585829747842695,
          "ci_high": 0.020131011825177694
        },
        "8": {
          "mean": 0.014429939146955601,
          "std": 0.02313749903999464,
          "ci_low": -0.011752605799310997,
          "ci_high": 0.0406124840932222
        },
        "16": {
          "mean": 0.03706791722991814,
          "std": 0.059612320374854214,
          "ci_low": -0.03038977363234483,
          "ci_high": 0.10452560809218112
        }
      },
      "diagnostics": {
        "effective_rank": {
          "mean": 16.0,
          "std": 0.0
        },
        "condition_number": {
          "mean": 1.0,
          "std": 0.0
        },
        "projection_gaussianity": {
          "mean": 12.361419677734375,
          "std": 0.0
        },
        "spectral_alignment": {
          "mean": NaN,
          "std": NaN
        }
      }
    },
    "variance": {
      "n_success": 3,
      "rollout_errors": {
        "1": {
          "mean": 0.002932903644735537,
          "std": 0.004239261462304789,
          "ci_low": -0.001864272298261142,
          "ci_high": 0.007730079587732216
        },
        "2": {
          "mean": 0.004764597606360136,
          "std": 0.006569027721383436,
          "ci_low": -0.002668957043219352,
          "ci_high": 0.012198152255939624
        },
        "4": {
          "mean": 0.008666485671225625,
          "std": 0.011570984426339042,
          "ci_low": -0.004427315836512569,
          "ci_high": 0.02176028717896382
        },
        "8": {
          "mean": 0.017967824368841118,
          "std": 0.023637859797149607,
          "ci_low": -0.008780932076382763,
          "ci_high": 0.044716580814065
        },
        "16": {
          "mean": 0.04672429886543089,
          "std": 0.061018142452491,
          "ci_low": -0.022324229436546467,
          "ci_high": 0.11577282716740825
        }
      },
      "diagnostics": {
        "effective_rank": {
          "mean": 16.0,
          "std": 0.0
        },
        "condition_number": {
          "mean": 1.0,
          "std": 0.0
        },
        "projection_gaussianity": {
          "mean": 12.361419677734375,
          "std": 0.0
        },
        "spectral_alignment": {
          "mean": NaN,
          "std": NaN
        }
      }
    },
    "covariance": {
      "n_success": 3,
      "rollout_errors": {
        "1": {
          "mean": 0.0025868186571945746,
          "std": 0.004264411172531995,
          "ci_low": -0.002238816862062751,
          "ci_high": 0.007412454176451901
        },
        "2": {
          "mean": 0.0040489971841452645,
          "std": 0.006580018258701546,
          "ci_low": -0.0033969944292053574,
          "ci_high": 0.011494988797495886
        },
        "4": {
          "mean": 0.007136357173375372,
          "std": 0.011483368410067795,
          "ci_low": -0.00585829747842695,
          "ci_high": 0.020131011825177694
        },
        "8": {
          "mean": 0.014429939146955601,
          "std": 0.02313749903999464,
          "ci_low": -0.011752605799310997,
          "ci_high": 0.0406124840932222
        },
        "16": {
          "mean": 0.03706791722991814,
          "std": 0.059612320374854214,
          "ci_low": -0.03038977363234483,
          "ci_high": 0.10452560809218112
        }
      },
      "diagnostics": {
        "effective_rank": {
          "mean": 16.0,
          "std": 0.0
        },
        "condition_number": {
          "mean": 1.0,
          "std": 0.0
        },
        "projection_gaussianity": {
          "mean": 12.361419677734375,
          "std": 0.0
        },
        "spectral_alignment": {
          "mean": NaN,
          "std": NaN
        }
      }
    },
    "sigreg": {
      "n_success": 3,
      "rollout_errors": {
        "1": {
          "mean": 0.0014869666050395204,
          "std": 0.0015552174352676635,
          "ci_low": -0.0002729275965648421,
          "ci_high": 0.0032468608066438826
        },
        "2": {
          "mean": 0.002415730888282673,
          "std": 0.00219393177319286,
          "ci_low": -6.693662739700595e-05,
          "ci_high": 0.004898398403962352
        },
        "4": {
          "mean": 0.004325108380160398,
          "std": 0.0036148026838541715,
          "ci_low": 0.00023457406708284664,
          "ci_high": 0.00841564269323795
        },
        "8": {
          "mean": 0.008633093892907102,
          "std": 0.007145536324621601,
          "ci_low": 0.0005471583446790204,
          "ci_high": 0.016719029441135184
        },
        "16": {
          "mean": 0.021352932229638102,
          "std": 0.018535719411358027,
          "ci_low": 0.00037779114976707953,
          "ci_high": 0.04232807330950912
        }
      },
      "diagnostics": {
        "effective_rank": {
          "mean": 16.0,
          "std": 0.0
        },
        "condition_number": {
          "mean": 1.0,
          "std": 0.0
        },
        "projection_gaussianity": {
          "mean": 12.361419677734375,
          "std": 0.0
        },
        "spectral_alignment": {
          "mean": NaN,
          "std": NaN
        }
      }
    },
    "spectral": {
      "n_success": 3,
      "rollout_errors": {
        "1": {
          "mean": 0.002184419406370984,
          "std": 0.001998120042670566,
          "ci_low": -7.66662768667296e-05,
          "ci_high": 0.004445505089608698
        },
        "2": {
          "mean": 0.003664127587237292,
          "std": 0.0028019626215222337,
          "ci_low": 0.0004934083945988344,
          "ci_high": 0.006834846779875749
        },
        "4": {
          "mean": 0.006688801851123571,
          "std": 0.004556186804264767,
          "ci_low": 0.0015329911223994222,
          "ci_high": 0.01184461257984772
        },
        "8": {
          "mean": 0.01332271041141616,
          "std": 0.008797400803136209,
          "ci_low": 0.0033675142365711085,
          "ci_high": 0.02327790658626121
        },
        "16": {
          "mean": 0.032566003128886224,
          "std": 0.02102280338711671,
          "ci_low": 0.008776461587328303,
          "ci_high": 0.056355544670444145
        }
      },
      "diagnostics": {
        "effective_rank": {
          "mean": 16.0,
          "std": 0.0
        },
        "condition_number": {
          "mean": 1.0,
          "std": 0.0
        },
        "projection_gaussianity": {
          "mean": 12.361419677734375,
          "std": 0.0
        },
        "spectral_alignment": {
          "mean": 0.10455373177925746,
          "std": 0.01919325168169941
        }
      }
    },
    "permuted_spectral": {
      "n_success": 3,
      "rollout_errors": {
        "1": {
          "mean": 0.001402488369704871,
          "std": 0.002009345378576353,
          "ci_low": -0.000871299976918465,
          "ci_high": 0.003676276716328207
        },
        "2": {
          "mean": 0.002273388651600625,
          "std": 0.0030981581062965234,
          "ci_low": -0.0012325072850575204,
          "ci_high": 0.005779284588258771
        },
        "4": {
          "mean": 0.0041294883448346,
          "std": 0.005446780280234332,
          "ci_low": -0.0020341237747450724,
          "ci_high": 0.010293100464414272
        },
        "8": {
          "mean": 0.008580093197007145,
          "std": 0.011216531022727988,
          "ci_low": -0.004112606525470609,
          "ci_high": 0.0212727929194849
        },