{
  "config": {
    "batch_size": 32,
    "env_profile": "branching",
    "hidden_dim": 32,
    "horizons": [
      1,
      2,
      4,
      8,
      16,
      32,
      64
    ],
    "latent_dim": 16,
    "lr": 0.001,
    "n_eval": 50,
    "n_train": 200,
    "num_epochs": 10,
    "optimizer": "Adam",
    "prior_weights": {
      "euclidean": 0.01,
      "none": 0.0,
      "spectral": 0.01
    },
    "priors": [
      "none",
      "euclidean",
      "spectral"
    ],
    "seeds": [
      0,
      1,
      2
    ],
    "smoke": false,
    "transition_hidden_dim": 128
  },
  "encoder": "flat",
  "errors": [],
  "hidden_dim": 32,
  "max_steps": 64,
  "prior_weight": 0.01,
  "results": {
    "flat|euclidean": {
      "1": [
        0.0375050488114357,
        0.04659601949155331,
        0.042531084790825846
      ],
      "16": [
        0.44456795513629915,
        0.6174917644262314,
        0.4981004625558853
      ],
      "2": [
        0.0700355464220047,
        0.08620324373245239,
        0.07933737270534039
      ],
      "32": [
        0.8979497814178466,
        2.7298648023605345,
        1.0567854285240172
      ],
      "4": [
        0.11942894607782364,
        0.1747738540172577,
        0.1382393828034401
      ],
      "64": [
        3.376870002746582,
        12.10817506790161,
        2.7905978536605835
      ],
      "8": [
        0.23646409451961517,
        0.29971195667982103,
        0.2317906892299652
      ]
    },
    "flat|none": {
      "1": [
        0.0354351545125246,
        0.035175470001995564,
        0.0468646589666605
      ],
      "16": [
        0.4438330221176148,
        0.502225438952446,
        0.70370312333107
      ],
      "2": [
        0.06802207455039025,
        0.062280486077070235,
        0.09167682558298111
      ],
      "32": [
        0.867450088262558,
        1.7664379167556763,
        1.6964891028404236
      ],
      "4": [
        0.10863288968801499,
        0.11200508713722229,
        0.16624890953302385
      ],
      "64": [
        3.066065673828125,
        17.153810577392576,
        7.567971715927124
      ],
      "8": [
        0.21644237190485,
        0.22068415820598603,
        0.3200664269924164
      ]
    },
    "flat|spectral": {
      "1": [
        0.0428607102483511,
        0.05014688573777676,
        0.03195163067430258
      ],
      "16": [
        0.2569705605506897,
        0.24828592479228973,
        0.3402691662311554
      ],
      "2": [
        0.05817778542637825,
        0.08459072813391685,
        0.060592070296406744
      ],
      "32": [
        0.4882705128192902,
        0.5316124212741852,
        1.0871556496620178
      ],
      "4": [
        0.07036625616252422,
        0.09224275544285775,
        0.10181874126195907
      ],
      "64": [
        1.4893995547294616,
        3.4652757120132445,
        6.494872941970825
      ],
      "8": [
        0.13000559017062188,
        0.14474416971206666,
        0.19656641215085982
      ]
    }
  },
  "status": "complete",
  "task": "B",
  "wall_time_sec": 8097.803453766002
}