{
  "flat|euclidean": {
    "1": [
      0.03941514115780592,
      0.017468694411218167,
      0.023777422346174717
    ],
    "16": [
      0.31267748355865477,
      0.2681072226166725,
      0.3756353348493576
    ],
    "2": [
      0.0702938485890627,
      0.0355194141343236,
      0.050165080055594446
    ],
    "4": [
      0.13129160329699516,
      0.07617188900709153,
      0.10797885343432427
    ],
    "8": [
      0.17497178688645362,
      0.12450572565197944,
      0.1941882261633873
    ]
  },
  "flat|none": {
    "1": [
      0.022956081293523313,
      0.016485419441014528,
      0.01822301797568798
    ],
    "16": [
      0.3802332925796509,
      0.1635834828019142,
      0.313753270804882
    ],
    "2": [
      0.044617764316499234,
      0.0318343011289835,
      0.03790074087679386
    ],
    "4": [
      0.08746500194072723,
      0.05344255357980728,
      0.08002157680690289
    ],
    "8": [
      0.1741861495375633,
      0.08607137881219387,
      0.1671072970330715
    ]
  },
  "flat|spectral": {
    "1": [
      0.01926950119435787,
      0.019319439958781003,
      0.03202247463166714
    ],
    "16": [
      0.30578761458396914,
      0.2480992290377617,
      0.5334366601705551
    ],
    "2": [
      0.0340670083835721,
      0.04094610098749399,
      0.06059811063110829
    ],
    "4": [
      0.07676620431244373,
      0.07036679953336716,
      0.15253490597009658
    ],
    "8": [
      0.1285632508993149,
      0.1361017133295536,
      0.34571664929389956
    ]
  },
  "hypergraph|euclidean": {
    "1": [
      0.03789026126265526,
      0.04402241233736277,
      0.030672616623342037
    ],
    "16": [
      5.487456140518188,
      1.6730241084098816,
      1.6874399399757385
    ],
    "2": [
      0.06818913862109184,
      0.07554835759103298,
      0.05221815682947636
    ],
    "4": [
      0.14910076305270195,
      0.13767788276076318,
      0.09614800646901131
    ],
    "8": [
      1.044897677898407,
      0.30986752808094026,
      0.1847620838880539
    ]
  },
  "hypergraph|none": {
    "1": [
      0.04270937945693731,
      0.050910450890660285,
      0.03330431289970875
    ],
    "16": [
      3.8076419973373414,
      1.4352231669425963,
      3.4900677847862243
    ],
    "2": [
      0.08570749573409557,
      0.08482936412096023,
      0.0713987085968256
    ],
    "4": [
      0.17408086448907853,
      0.1645441335439682,
      0.14701657980680466
    ],
    "8": [
      0.4858069276809692,
      0.36528727680444717,
      0.538757666349411
    ]
  },
  "hypergraph|spectral": {
    "1": [
      0.02442645877599716,
      0.0244878682307899,
      0.019344548154622318
    ],
    "16": [
      1.633879430294037,
      0.984075620174408,
      1.481731938123703
    ],
    "2": [
      0.04911863051354885,
      0.04436215329915285,
      0.040882642678916455
    ],
    "4": [
      0.10377360261976719,
      0.08475335821509361,
      0.09852907121181488
    ],
    "8": [
      0.2693174308538437,
      0.18931575745344162,
      0.2927136269211769
    ]
  }
}