{
  "ethanol": {
    "identity_quadratic": {
      "n_success": 3,
      "rollout_errors": {
        "1": {
          "mean": 0.0009137092808183903,
          "std": 0.0011692394495124302,
          "ci_low": -0.0004094097125909474,
          "ci_high": 0.002236828274227728
        },
        "2": {
          "mean": 0.0017738601406260084,
          "std": 0.002236686343377564,
          "ci_low": -0.0007571887257599127,
          "ci_high": 0.004304909007011929
        },
        "4": {
          "mean": 0.0034096588497050107,
          "std": 0.0041717985811852475,
          "ci_low": -0.0013111756566453045,
          "ci_high": 0.008130493356055327
        },
        "8": {
          "mean": 0.006821304482097427,
          "std": 0.007879663380983181,
          "ci_low": -0.0020953740352057547,
          "ci_high": 0.01573798299940061
        },
        "16": {
          "mean": 0.01758059673011303,
          "std": 0.018570316376330148,
          "ci_low": -0.0034336945011559927,
          "ci_high": 0.03859488796138205
        }
      },
      "diagnostics": {
        "effective_rank": {
          "mean": 16.0,
          "std": 0.0
        },
        "condition_number": {
          "mean": 1.0,
          "std": 0.0
        },
        "projection_gaussianity": {
          "mean": 12.361419677734375,
          "std": 0.0
        },
        "spectral_alignment": {
          "mean": NaN,
          "std": NaN
        }
      }
    }
  },
  "malonaldehyde": {
    "identity_quadratic": {
      "n_success": 3,
      "rollout_errors": {
        "1": {
          "mean": 0.0010384494865623612,
          "std": 0.0010722907208249046,
          "ci_low": -0.00017496169262051992,
          "ci_high": 0.0022518606657452424
        },
        "2": {
          "mean": 0.0020151627638066807,
          "std": 0.0020489535911877403,
          "ci_low": -0.00030344649475473216,
          "ci_high": 0.004333772022368093
        },
        "4": {
          "mean": 0.0038661400321871042,
          "std": 0.0038130989775382006,
          "ci_low": -0.00044878766122449527,
          "ci_high": 0.008181067725598703
        },
        "8": {
          "mean": 0.007671661674976349,
          "std": 0.007171063908998488,
          "ci_low": -0.0004431610543667742,
          "ci_high": 0.01578648440431947
        },
        "16": {
          "mean": 0.019274924260874588,
          "std": 0.016830073131855507,
          "ci_low": 0.00022990364468517335,
          "ci_high": 0.038319944877064
        }
      },
      "diagnostics": {
        "effective_rank": {
          "mean": 16.0,
          "std": 0.0
        },
        "condition_number": {
          "mean": 1.0,
          "std": 0.0
        },
        "projection_gaussianity": {
          "mean": 12.361419677734375,
          "std": 0.0
        },
        "spectral_alignment": {
          "mean": NaN,
          "std": NaN
        }
      }
    }
  },
  "naphthalene": {
    "identity_quadratic": {
      "n_success": 3,
      "rollout_errors": {
        "1": {
          "mean": 0.014322706164481738,
          "std": 0.003675569121488791,
          "ci_low": 0.010163408153917143,
          "ci_high": 0.018482004175046335
        },
        "2": {
          "mean": 0.0177625868578131,
          "std": 0.007666102402747816,
          "ci_low": 0.00908757533752419,
          "ci_high": 0.026437598378102008
        },
        "4": {
          "mean": 0.0242330443362395,
          "std": 0.01337212129881443,
          "ci_low": 0.009101064586486093,
          "ci_high": 0.039365024085992906
        },
        "8": {
          "mean": 0.03989502156153321,
          "std": 0.026654928999186096,
          "ci_low": 0.009732129913028721,
          "ci_high": 0.07005791321003771
        },
        "16": {
          "mean": 0.07908245778332154,
          "std": 0.06157115280193948,
          "ci_low": 0.009408139360071482,
          "ci_high": 0.1487567762065716
        }
      },
      "diagnostics": {
        "effective_rank": {
          "mean": 1.0000021855036418,
          "std": 3.000034664182166e-07
        },
        "condition_number": {
          "mean": 5267364693.333333,
          "std": 1612389564.1496491
        },
        "projection_gaussianity": {
          "mean": 1.0578401883443196,
          "std": 0.3709428547086555
        },
        "spectral_alignment": {
          "mean": NaN,
          "std": NaN
        }
      }
    }
  },
  "toluene": {
    "identity_quadratic": {
      "n_success": 3,
      "rollout_errors": {
        "1": {
          "mean": 0.013493486065417526,
          "std": 0.0008199503091762784,
          "ci_low": 0.012565624943236445,
          "ci_high": 0.014421347187598608
        },
        "2": {
          "mean": 0.016119875490354995,
          "std": 0.0023005439987196247,
          "ci_low": 0.013516564884346022,
          "ci_high": 0.018723186096363968
        },
        "4": {
          "mean": 0.02350857113643239,
          "std": 0.007657236360017149,
          "ci_low": 0.014843592487971586,
          "ci_high": 0.03217354978489319
        },
        "8": {
          "mean": 0.040533605776727204,
          "std": 0.02065516312351686,
          "ci_low": 0.017160088357271747,
          "ci_high": 0.06390712319618266
        },
        "16": {
          "mean": 0.08183528177440168,
          "std": 0.05733677962200279,
          "ci_low": 0.016952607681911744,
          "ci_high": 0.14671795586689163
        }
      },
      "diagnostics": {
        "effective_rank": {
          "mean": 1.0000016291936238,
          "std": 5.880454614539442e-07
        },
        "condition_number": {
          "mean": 2435767338.6666665,
          "std": 568697581.0585859
        },
        "projection_gaussianity": {
          "mean": 1.7803581555684407,
          "std": 0.40712056061501
        },
        "spectral_alignment": {
          "mean": NaN,
          "std": NaN
        }
      }
    }
  }
}